[
  {
    "tipo": "ATAQUE",
    "id": 4,
    "modelo": "A-10 Thunderbolt",
    "horasVuelo": 1400.7,
    "nivelCombustible": 70,
    "anioIngreso": 2012
  },
  {
    "tipo": "INTERCEPTOR",
    "id": 1,
    "modelo": "F-16C",
    "horasVuelo": 950.5,
    "nivelCombustible": 60,
    "anioIngreso": 2014
  },
  {
    "tipo": "MULTIPROPOSITO",
    "id": 2,
    "modelo": "F-18E Super Hornet",
    "horasVuelo": 1200.2,
    "nivelCombustible": 35,
    "anioIngreso": 2017
  },
  {
    "tipo": "RECONOCIMIENTO",
    "id": 6,
    "modelo": "Gripen NG",
    "horasVuelo": 700.3,
    "nivelCombustible": 15,
    "anioIngreso": 2020
  },
  {
    "tipo": "INTERCEPTOR",
    "id": 3,
    "modelo": "Mirage 2000",
    "horasVuelo": 800.0,
    "nivelCombustible": 25,
    "anioIngreso": 2010
  },
  {
    "tipo": "ENTRENAMIENTO",
    "id": 5,
    "modelo": "T-38 Talon",
    "horasVuelo": 600.0,
    "nivelCombustible": 50,
    "anioIngreso": 2018
  }
]